{"../master_thesis_ai/beir_data/nfcorpus": {"Y/N": 0.06811145510835913, "Declerative": 0.891640866873065, "How": 0.02476780185758514, "Who": 0.0030959752321981426, "What": 0.01238390092879257}, "../master_thesis_ai/beir_data/fiqa": {"How": 0.1527777777777778, "Y/N": 0.19444444444444445, "Declerative": 0.3950617283950617, "What": 0.14969135802469136, "Where": 0.021604938271604937, "Why": 0.06944444444444445, "Which": 0.006172839506172839, "When": 0.007716049382716049, "Who": 0.0030864197530864196}, "../master_thesis_ai/beir_data/scidocs": {"Declerative": 0.989, "Y/N": 0.006, "How": 0.001, "What": 0.002, "Who": 0.001, "When": 0.001}}