{"./lotte_beir_format/writing_forum_test": {"How": 0.052, "Which": 0.0165, "Y/N": 0.2145, "What": 0.194, "When": 0.027, "Declerative": 0.394, "Where": 0.0085, "Why": 0.0915, "Who": 0.002}, "./lotte_beir_format/lifestyle_search_test": {"Y/N": 0.5491679273827534, "How": 0.1346444780635401, "What": 0.22390317700453857, "Declerative": 0.0529500756429652, "Why": 0.030257186081694403, "Where": 0.0030257186081694403, "Which": 0.0045385779122541605, "When": 0.0015128593040847202}, "./lotte_beir_format/technology_forum_test": {"Why": 0.08383233532934131, "What": 0.10528942115768464, "How": 0.31736526946107785, "Declerative": 0.31786427145708585, "Y/N": 0.14321357285429143, "When": 0.011976047904191617, "Where": 0.015968063872255488, "Which": 0.004491017964071856}, "./lotte_beir_format/technology_search_test": {"Which": 0.0016778523489932886, "Y/N": 0.31711409395973156, "How": 0.1929530201342282, "What": 0.2986577181208054, "Why": 0.08221476510067115, "Declerative": 0.06879194630872483, "Where": 0.03523489932885906, "When": 0.0016778523489932886, "Who": 0.0016778523489932886}, "./lotte_beir_format/writing_search_test": {"What": 0.46591970121381887, "Y/N": 0.39869281045751637, "How": 0.02054154995331466, "Declerative": 0.09337068160597572, "Why": 0.014939309056956116, "Who": 0.0009337068160597573, "Where": 0.0018674136321195146, "When": 0.0028011204481792717, "Which": 0.0009337068160597573}, "./lotte_beir_format/pooled_search_test": {"What": 0.3057637632463169, "Y/N": 0.4130266218661153, "How": 0.11811837684156112, "Declerative": 0.10183509950891703, "Why": 0.04290514344791936, "Who": 0.004393900232618248, "Where": 0.009563194623933832, "When": 0.002843111915223572, "Which": 0.0015507883173946756}, "./lotte_beir_format/science_forum_test": {"Declerative": 0.4625681705503223, "Y/N": 0.17055032226078334, "How": 0.0946950917203768, "Why": 0.14229053049082796, "What": 0.11601388200297472, "When": 0.006941001487357461, "Which": 0.002974714923153198, "Where": 0.0039662865642042635}, "./lotte_beir_format/lifestyle_forum_test": {"Declerative": 0.25374625374625376, "How": 0.17382617382617382, "Why": 0.12037962037962038, "When": 0.013486513486513486, "Which": 0.012987012987012988, "Y/N": 0.23376623376623376, "What": 0.17182817182817184, "Where": 0.016483516483516484, "Who": 0.0034965034965034965}, "./lotte_beir_format/recreation_forum_test": {"How": 0.25024975024975027, "Declerative": 0.14035964035964035, "What": 0.2077922077922078, "Y/N": 0.22977022977022976, "Why": 0.12537462537462538, "Which": 0.00999000999000999, "Who": 0.007492507492507493, "Where": 0.02197802197802198, "When": 0.006993006993006993}, "./lotte_beir_format/pooled_forum_test": {"How": 0.17755610972568578, "Which": 0.009376558603491271, "Y/N": 0.19830423940149625, "What": 0.15890274314214464, "When": 0.013266832917705735, "Declerative": 0.3139152119700748, "Where": 0.013366583541147132, "Why": 0.11271820448877805, "Who": 0.0025935162094763093}, "./lotte_beir_format/recreation_search_test": {"How": 0.1764069264069264, "Y/N": 0.45021645021645024, "Declerative": 0.1525974025974026, "What": 0.12554112554112554, "Why": 0.06060606060606061, "Where": 0.012987012987012988, "When": 0.004329004329004329, "Who": 0.016233766233766232, "Which": 0.0010822510822510823}, "./lotte_beir_format/science_search_test": {"Declerative": 0.12479740680713128, "What": 0.39222042139384117, "How": 0.11021069692058347, "Y/N": 0.32901134521880065, "Why": 0.04051863857374392, "When": 0.0032414910858995136}}