{"./lotte_beir_format/lifestyle_search_dev": {"How": 0.09832134292565947, "Y/N": 0.6115107913669064, "Declerative": 0.023980815347721823, "What": 0.2302158273381295, "Why": 0.02877697841726619, "Where": 0.004796163069544364, "When": 0.002398081534772182}, "./lotte_beir_format/writing_search_dev": {"How": 0.026156941649899398, "What": 0.5412474849094567, "Y/N": 0.3299798792756539, "Declerative": 0.0744466800804829, "When": 0.008048289738430584, "Why": 0.014084507042253521, "Who": 0.006036217303822937}, "./lotte_beir_format/lifestyle_forum_dev": {"Why": 0.11271676300578035, "How": 0.2615606936416185, "What": 0.1859344894026975, "Y/N": 0.20086705202312138, "Who": 0.0009633911368015414, "Declerative": 0.21146435452793835, "When": 0.015414258188824663, "Where": 0.002890173410404624, "Which": 0.008188824662813102}, "./lotte_beir_format/pooled_forum_dev": {"Declerative": 0.2781024066554422, "How": 0.2379914826185996, "Y/N": 0.17242745369911855, "What": 0.1554917302168961, "Why": 0.12469050212934535, "When": 0.014360701198375755, "Where": 0.006140437753788254, "Which": 0.006932752302664158, "Who": 0.003862533425770031}, "./lotte_beir_format/writing_forum_dev": {"Declerative": 0.36794807788317524, "How": 0.14677983025461808, "Y/N": 0.20519221168247628, "What": 0.1567648527209186, "Why": 0.09186220668996506, "When": 0.01797304043934099, "Where": 0.003494757863205192, "Which": 0.0074887668497254116, "Who": 0.0024962556165751375}, "./lotte_beir_format/recreation_forum_dev": {"Y/N": 0.22377622377622378, "Who": 0.013486513486513486, "Why": 0.1918081918081918, "Declerative": 0.17182817182817184, "How": 0.1888111888111888, "Which": 0.01098901098901099, "What": 0.17482517482517482, "Where": 0.00949050949050949, "When": 0.014985014985014986}, "./lotte_beir_format/science_search_dev": {"Y/N": 0.3940520446096654, "What": 0.36617100371747213, "Why": 0.09851301115241635, "Declerative": 0.02973977695167286, "How": 0.10408921933085502, "Which": 0.0037174721189591076, "Where": 0.0018587360594795538, "When": 0.0018587360594795538}, "./lotte_beir_format/pooled_search_dev": {"How": 0.11975435005117707, "What": 0.3108154213578983, "Y/N": 0.42647560559535996, "Declerative": 0.06584783350392358, "When": 0.0034118048447628795, "Why": 0.05322415557830092, "Who": 0.004435346298191744, "Which": 0.001364721937905152, "Where": 0.014670760832480383}, "./lotte_beir_format/recreation_search_dev": {"Y/N": 0.6039076376554174, "How": 0.10301953818827708, "Declerative": 0.07815275310834814, "What": 0.12255772646536411, "Why": 0.06394316163410302, "Who": 0.017761989342806393, "When": 0.003552397868561279, "Which": 0.003552397868561279, "Where": 0.003552397868561279}, "./lotte_beir_format/technology_search_dev": {"How": 0.19978165938864628, "Y/N": 0.30458515283842796, "What": 0.3056768558951965, "Declerative": 0.09388646288209607, "Where": 0.04148471615720524, "Why": 0.05240174672489083, "When": 0.002183406113537118}, "./lotte_beir_format/science_forum_dev": {"Declerative": 0.34376552409339295, "How": 0.16244411326378538, "What": 0.16045702930948832, "Why": 0.14505712866368603, "When": 0.017386984600099353, "Y/N": 0.15648286140089418, "Which": 0.004967709885742673, "Where": 0.007451564828614009, "Who": 0.001987083954297069}, "./lotte_beir_format/technology_forum_dev": {"Declerative": 0.29755366949575635, "How": 0.42985521717423864, "Y/N": 0.07488766849725412, "Where": 0.0074887668497254116, "What": 0.0983524712930604, "Why": 0.08237643534697953, "When": 0.005991013479780329, "Who": 0.0004992511233150275, "Which": 0.0029955067398901645}}