{"./beir_data/nfcorpus": {"Y/N": 0.06811145510835913, "Declerative": 0.891640866873065, "How": 0.02476780185758514, "Who": 0.0030959752321981426, "What": 0.01238390092879257}, "./beir_data/msmarco": {"Declerative": 0.4418604651162791, "Y/N": 0.06976744186046512, "How": 0.09302325581395349, "What": 0.3023255813953488, "When": 0.023255813953488372, "Who": 0.046511627906976744, "Why": 0.023255813953488372}, "./beir_data/fiqa": {"How": 0.1527777777777778, "Y/N": 0.19444444444444445, "Declerative": 0.3950617283950617, "What": 0.14969135802469136, "Where": 0.021604938271604937, "Why": 0.06944444444444445, "Which": 0.006172839506172839, "When": 0.007716049382716049, "Who": 0.0030864197530864196}, "./beir_data/scidocs": {"Declerative": 0.989, "Y/N": 0.006, "How": 0.001, "What": 0.002, "Who": 0.001, "When": 0.001}, "./beir_data/fever": {"Declerative": 0.9998499849984999, "What": 0.00015001500150015003}, "./beir_data/arguana": {"Declerative": 0.9829302987197724, "When": 0.0021337126600284497, "Why": 0.0007112375533428165, "Where": 0.0021337126600284497, "Who": 0.002844950213371266, "Y/N": 0.006401137980085348, "What": 0.001422475106685633, "How": 0.001422475106685633}, "./beir_data/scifact": {"Declerative": 1.0}, "./beir_data/trec-covid": {"What": 0.58, "How": 0.18, "Declerative": 0.02, "Y/N": 0.18, "Which": 0.04}, "./beir_data/climate-fever": {"Declerative": 0.9837133550488599, "When": 0.013680781758957655, "Which": 0.0006514657980456026, "What": 0.0013029315960912053, "Y/N": 0.0006514657980456026}, "./beir_data/hotpotqa": {"Y/N": 0.07049291019581364, "What": 0.24145847400405132, "Declerative": 0.38055367994598244, "Who": 0.08467251856853478, "Which": 0.150033760972316, "When": 0.02525320729237002, "Where": 0.024037812288993925, "How": 0.02214719783929777, "Why": 0.0013504388926401081}, "./beir_data/nq": {"What": 0.17381228273464658, "How": 0.05648899188876014, "Who": 0.2772305909617613, "Declerative": 0.15237543453070684, "Where": 0.13904982618771727, "When": 0.14571263035921206, "Y/N": 0.02607184241019699, "Why": 0.012746234067207415, "Which": 0.016512166859791424}, "./beir_data/quora": {"Which": 0.0465, "What": 0.3756, "Y/N": 0.137, "Declerative": 0.0686, "Who": 0.0224, "How": 0.2368, "Why": 0.0879, "Where": 0.0159, "When": 0.0093}, "./beir_data/webis-touche2020": {"Y/N": 1.0}, "./beir_data/dbpedia-entity": {"Declerative": 0.79, "Which": 0.1075, "Who": 0.065, "What": 0.0275, "Where": 0.0075, "Y/N": 0.0025}}